timestamp,simple-path,time
"2022-06-03 16:27:58.933","/master/welcome",2946
"2022-06-03 16:27:59.212","/master/welcome",233
"2022-06-03 16:28:00.403","/master/sign-in",1132
"2022-06-03 16:28:01.832","/master/welcome",574
"2022-06-03 16:28:03.076","/inventor/talmonu/list-mine",1091
"2022-06-03 16:28:04.435","/inventor/talmonu/show",1085
"2022-06-03 16:28:05.245","/master/welcome",203
"2022-06-03 16:28:05.866","/master/welcome",564
"2022-06-03 16:28:08.151","/master/welcome",196
"2022-06-03 16:28:08.372","/master/welcome",191
"2022-06-03 16:28:08.993","/master/sign-in",561
"2022-06-03 16:28:10.27","/master/welcome",570
"2022-06-03 16:28:10.991","/inventor/talmonu/list-mine",567
"2022-06-03 16:28:11.832","/inventor/talmonu/show",567
"2022-06-03 16:28:12.659","/master/welcome",218
"2022-06-03 16:28:13.271","/master/welcome",551
"2022-06-03 16:28:18.971","/master/welcome",223
"2022-06-03 16:28:19.19","/master/welcome",188
"2022-06-03 16:28:19.892","/master/sign-in",562
"2022-06-03 16:28:21.139","/master/welcome",579
"2022-06-03 16:28:21.85","/inventor/talmonu/list-mine",559
"2022-06-03 16:28:22.679","/inventor/talmonu/show",551
"2022-06-03 16:28:24.132","/inventor/talmonu/list-mine",584
"2022-06-03 16:28:24.94","/inventor/talmonu/show",566
"2022-06-03 16:28:25.555","/master/welcome",218
"2022-06-03 16:28:26.189","/master/welcome",564
"2022-06-03 16:28:28.51","/master/welcome",220
"2022-06-03 16:28:28.729","/master/welcome",189
"2022-06-03 16:28:29.354","/master/sign-in",559
"2022-06-03 16:28:30.576","/master/welcome",554
"2022-06-03 16:28:31.286","/inventor/talmonu/list-mine",561
"2022-06-03 16:28:32.124","/inventor/talmonu/show",561
"2022-06-03 16:28:33.72","/inventor/talmonu/list-mine",561
"2022-06-03 16:28:34.523","/inventor/talmonu/show",562
"2022-06-03 16:28:35.138","/master/welcome",205
"2022-06-03 16:28:35.753","/master/welcome",554
"2022-06-03 16:28:38.032","/master/welcome",188
"2022-06-03 16:28:38.255","/master/welcome",186
"2022-06-03 16:28:38.863","/master/sign-in",548
"2022-06-03 16:28:40.124","/master/welcome",573
"2022-06-03 16:28:40.844","/inventor/talmonu/list-mine",564
"2022-06-03 16:28:41.677","/inventor/talmonu/show",556
"2022-06-03 16:28:42.993","/inventor/talmonu/update",566
"2022-06-03 16:28:43.239","/master/welcome",189
"2022-06-03 16:28:43.871","/master/welcome",561
"2022-06-03 16:28:46.138","/master/welcome",189
"2022-06-03 16:28:46.365","/master/welcome",189
"2022-06-03 16:28:46.983","/master/sign-in",562
"2022-06-03 16:28:48.229","/master/welcome",566
"2022-06-03 16:28:48.946","/inventor/talmonu/list-mine",565
"2022-06-03 16:28:49.789","/inventor/talmonu/show",563
"2022-06-03 16:28:51.436","/inventor/talmonu/update",567
"2022-06-03 16:28:51.717","/master/welcome",218
"2022-06-03 16:28:52.35","/master/welcome",567
"2022-06-03 16:28:54.649","/master/welcome",218
"2022-06-03 16:28:54.867","/master/welcome",189
"2022-06-03 16:28:55.489","/master/sign-in",560
"2022-06-03 16:28:56.723","/master/welcome",558
"2022-06-03 16:28:57.439","/inventor/talmonu/list-mine",563
"2022-06-03 16:28:58.278","/inventor/talmonu/show",562
"2022-06-03 16:28:59.764","/inventor/talmonu/update",560
"2022-06-03 16:29:00.016","/master/welcome",191
"2022-06-03 16:29:00.648","/master/welcome",567
"2022-06-03 16:29:02.917","/master/welcome",190
"2022-06-03 16:29:03.138","/master/welcome",191
"2022-06-03 16:29:03.769","/master/sign-in",552
"2022-06-03 16:29:05.057","/master/welcome",573
"2022-06-03 16:29:05.769","/inventor/talmonu/list-mine",561
"2022-06-03 16:29:06.609","/inventor/talmonu/show",564
"2022-06-03 16:29:08.039","/inventor/talmonu/update",558
"2022-06-03 16:29:08.3","/master/welcome",207
"2022-06-03 16:29:08.925","/master/welcome",557
"2022-06-03 16:29:11.198","/master/welcome",191
"2022-06-03 16:29:11.421","/master/welcome",189
"2022-06-03 16:29:12.058","/master/sign-in",579
"2022-06-03 16:29:13.305","/master/welcome",562
"2022-06-03 16:29:14.02","/inventor/talmonu/list-mine",567
"2022-06-03 16:29:14.859","/inventor/talmonu/show",559
"2022-06-03 16:29:16.299","/inventor/talmonu/update",562
"2022-06-03 16:29:16.565","/master/welcome",199
"2022-06-03 16:29:17.182","/master/welcome",554
"2022-06-03 16:29:19.46","/master/welcome",189
"2022-06-03 16:29:19.683","/master/welcome",191
"2022-06-03 16:29:20.296","/master/sign-in",553
"2022-06-03 16:29:21.527","/master/welcome",562
"2022-06-03 16:29:22.26","/inventor/talmonu/list-mine",564
"2022-06-03 16:29:23.117","/inventor/talmonu/show",565
"2022-06-03 16:29:24.645","/inventor/talmonu/update",564
"2022-06-03 16:29:24.911","/master/welcome",205
"2022-06-03 16:29:25.54","/master/welcome",566
"2022-06-03 16:29:27.818","/master/welcome",191
"2022-06-03 16:29:28.034","/master/welcome",185
"2022-06-03 16:29:28.662","/master/sign-in",569
"2022-06-03 16:29:29.921","/master/welcome",563
"2022-06-03 16:29:30.661","/inventor/talmonu/list-mine",578
"2022-06-03 16:29:31.502","/inventor/talmonu/show",564
"2022-06-03 16:29:32.958","/inventor/talmonu/update",563
"2022-06-03 16:29:33.225","/master/welcome",205
"2022-06-03 16:29:33.863","/master/welcome",572
"2022-06-03 16:29:36.153","/master/welcome",203
"2022-06-03 16:29:36.388","/master/welcome",205
"2022-06-03 16:29:37.018","/master/sign-in",567
"2022-06-03 16:29:38.259","/master/welcome",559
"2022-06-03 16:29:38.995","/inventor/talmonu/list-mine",563
"2022-06-03 16:29:39.849","/inventor/talmonu/show",560
"2022-06-03 16:29:41.249","/inventor/talmonu/update",574
"2022-06-03 16:29:41.521","/master/welcome",205
"2022-06-03 16:29:42.144","/master/welcome",564
"2022-06-03 16:29:44.414","/master/welcome",191
"2022-06-03 16:29:44.618","/master/welcome",175
"2022-06-03 16:29:45.243","/master/sign-in",564
"2022-06-03 16:29:46.484","/master/welcome",570
"2022-06-03 16:29:47.201","/inventor/talmonu/list-mine",566
"2022-06-03 16:29:48.055","/inventor/talmonu/show",560
"2022-06-03 16:29:49.457","/inventor/talmonu/update",566
"2022-06-03 16:29:49.718","/master/welcome",201
"2022-06-03 16:29:50.343","/master/welcome",561
"2022-06-03 16:29:52.621","/master/welcome",187
"2022-06-03 16:29:52.859","/master/welcome",203
"2022-06-03 16:29:53.479","/master/sign-in",561
"2022-06-03 16:29:54.731","/master/welcome",555
"2022-06-03 16:29:55.505","/inventor/talmonu/list-mine",561
"2022-06-03 16:29:56.377","/inventor/talmonu/show",556
"2022-06-03 16:29:57.787","/inventor/talmonu/update",576
"2022-06-03 16:29:58.084","/master/welcome",235
"2022-06-03 16:29:58.71","/master/welcome",560
"2022-06-03 16:30:01.022","/master/welcome",217
"2022-06-03 16:30:01.285","/master/welcome",232
"2022-06-03 16:30:01.91","/master/sign-in",564
"2022-06-03 16:30:03.403","/master/welcome",563
"2022-06-03 16:30:04.153","/inventor/talmonu/list-mine",589
"2022-06-03 16:30:05.016","/inventor/talmonu/show",561
"2022-06-03 16:30:06.442","/inventor/talmonu/update",554
"2022-06-03 16:30:06.735","/master/welcome",232
"2022-06-03 16:30:07.366","/master/welcome",568
"2022-06-03 16:30:09.653","/master/welcome",208
"2022-06-03 16:30:09.874","/master/welcome",188
"2022-06-03 16:30:10.515","/master/sign-in",568
"2022-06-03 16:30:11.968","/master/welcome",559
"2022-06-03 16:30:12.686","/inventor/talmonu/list-mine",562
"2022-06-03 16:30:13.545","/inventor/talmonu/show",564
"2022-06-03 16:30:14.944","/inventor/talmonu/update",563
"2022-06-03 16:30:15.243","/master/welcome",238
"2022-06-03 16:30:15.885","/master/welcome",574
"2022-06-03 16:30:18.178","/master/welcome",203
"2022-06-03 16:30:18.429","/master/welcome",219
"2022-06-03 16:30:19.06","/master/sign-in",567
"2022-06-03 16:30:20.772","/master/welcome",565
"2022-06-03 16:30:21.498","/inventor/talmonu/list-mine",563
"2022-06-03 16:30:22.332","/inventor/talmonu/show",552
"2022-06-03 16:30:23.799","/inventor/talmonu/update",567
"2022-06-03 16:30:24.107","/master/welcome",248
"2022-06-03 16:30:24.738","/master/welcome",563
"2022-06-03 16:30:27.014","/master/welcome",190
"2022-06-03 16:30:27.47","/master/welcome",425
"2022-06-03 16:30:28.102","/master/sign-in",569
"2022-06-03 16:30:29.435","/master/welcome",562
"2022-06-03 16:30:30.159","/inventor/talmonu/list-mine",560
"2022-06-03 16:30:31.021","/inventor/talmonu/show",559
"2022-06-03 16:30:32.456","/inventor/talmonu/update",575
"2022-06-03 16:30:32.734","/master/welcome",219
"2022-06-03 16:30:33.364","/master/welcome",561
"2022-06-03 16:30:35.635","/master/welcome",189
"2022-06-03 16:30:35.834","/master/welcome",177
"2022-06-03 16:30:36.457","/master/sign-in",562
"2022-06-03 16:30:37.7","/master/welcome",575
"2022-06-03 16:30:38.454","/inventor/talmonu/list-mine",581
"2022-06-03 16:30:39.329","/inventor/talmonu/show",564
"2022-06-03 16:30:40.779","/inventor/talmonu/update",563
"2022-06-03 16:30:41.093","/master/welcome",249
"2022-06-03 16:30:41.727","/master/welcome",573
"2022-06-03 16:30:44.004","/master/welcome",188
"2022-06-03 16:30:47.375","/master/welcome",202
"2022-06-03 16:30:47.624","/master/welcome",218
"2022-06-03 16:30:48.238","/master/sign-in",552
"2022-06-03 16:30:49.712","/master/welcome",561
"2022-06-03 16:30:50.419","/inventor/talmonu/list-mine",553
"2022-06-03 16:30:51.118","/inventor/talmonu/create",559
"2022-06-03 16:30:52.898","/inventor/talmonu/create",576
"2022-06-03 16:30:53.192","/master/welcome",233
"2022-06-03 16:30:53.816","/master/welcome",563
"2022-06-03 16:30:56.093","/master/welcome",203
"2022-06-03 16:30:56.312","/master/welcome",189
"2022-06-03 16:30:56.937","/master/sign-in",561
"2022-06-03 16:30:58.415","/master/welcome",571
"2022-06-03 16:30:59.156","/inventor/talmonu/list-mine",559
"2022-06-03 16:30:59.879","/inventor/talmonu/create",590
"2022-06-03 16:31:01.797","/inventor/talmonu/create",564
"2022-06-03 16:31:02.07","/master/welcome",206
"2022-06-03 16:31:02.688","/master/welcome",563
"2022-06-03 16:31:04.959","/master/welcome",188
"2022-06-03 16:31:05.426","/master/welcome",437
"2022-06-03 16:31:06.05","/master/sign-in",558
"2022-06-03 16:31:07.516","/master/welcome",558
"2022-06-03 16:31:08.245","/inventor/talmonu/list-mine",558
"2022-06-03 16:31:08.929","/inventor/talmonu/create",561
"2022-06-03 16:31:10.835","/inventor/talmonu/create",557
"2022-06-03 16:31:11.113","/master/welcome",219
"2022-06-03 16:31:11.741","/master/welcome",569
"2022-06-03 16:31:14.051","/master/welcome",201
"2022-06-03 16:31:14.284","/master/welcome",202
"2022-06-03 16:31:14.921","/master/sign-in",570
"2022-06-03 16:31:16.415","/master/welcome",576
"2022-06-03 16:31:17.132","/inventor/talmonu/list-mine",560
"2022-06-03 16:31:17.815","/inventor/talmonu/create",559
"2022-06-03 16:31:19.718","/inventor/talmonu/create",564
"2022-06-03 16:31:19.983","/master/welcome",203
"2022-06-03 16:31:20.62","/master/welcome",573
"2022-06-03 16:31:22.894","/master/welcome",187
"2022-06-03 16:31:23.097","/master/welcome",171
"2022-06-03 16:31:23.729","/master/sign-in",562
"2022-06-03 16:31:24.973","/master/welcome",565
"2022-06-03 16:31:25.694","/inventor/talmonu/list-mine",555
"2022-06-03 16:31:26.404","/inventor/talmonu/create",557
"2022-06-03 16:31:28.274","/inventor/talmonu/create",554
"2022-06-03 16:31:28.571","/master/welcome",233
"2022-06-03 16:31:29.201","/master/welcome",563
"2022-06-03 16:31:31.489","/master/welcome",205
"2022-06-03 16:31:31.707","/master/welcome",185
"2022-06-03 16:31:32.328","/master/sign-in",561
"2022-06-03 16:31:33.791","/master/welcome",559
"2022-06-03 16:31:34.511","/inventor/talmonu/list-mine",561
"2022-06-03 16:31:35.186","/inventor/talmonu/create",552
"2022-06-03 16:31:37.098","/inventor/talmonu/create",558
"2022-06-03 16:31:37.363","/master/welcome",202
"2022-06-03 16:31:37.986","/master/welcome",554
"2022-06-03 16:31:40.278","/master/welcome",204
"2022-06-03 16:31:40.496","/master/welcome",188
"2022-06-03 16:31:41.118","/master/sign-in",561
"2022-06-03 16:31:42.598","/master/welcome",565
"2022-06-03 16:31:43.312","/inventor/talmonu/list-mine",553
"2022-06-03 16:31:44.002","/inventor/talmonu/create",565
"2022-06-03 16:31:45.998","/inventor/talmonu/create",565
"2022-06-03 16:31:46.545","/master/welcome",486
"2022-06-03 16:31:47.2","/master/welcome",562
"2022-06-03 16:31:49.483","/master/welcome",202
"2022-06-03 16:31:49.947","/master/welcome",435
"2022-06-03 16:31:50.569","/master/sign-in",561
"2022-06-03 16:31:52.017","/master/welcome",561
"2022-06-03 16:31:52.73","/inventor/talmonu/list-mine",558
"2022-06-03 16:31:53.419","/inventor/talmonu/create",563
"2022-06-03 16:31:55.464","/inventor/talmonu/create",554
"2022-06-03 16:31:55.72","/master/welcome",202
"2022-06-03 16:31:56.354","/master/welcome",562
"2022-06-03 16:31:58.623","/master/welcome",189
"2022-06-03 16:31:58.843","/master/welcome",186
"2022-06-03 16:31:59.47","/master/sign-in",560
"2022-06-03 16:32:00.715","/master/welcome",562
"2022-06-03 16:32:01.429","/inventor/talmonu/list-mine",564
"2022-06-03 16:32:02.121","/inventor/talmonu/create",566
"2022-06-03 16:32:04.166","/inventor/talmonu/create",565
"2022-06-03 16:32:04.426","/master/welcome",204
"2022-06-03 16:32:05.058","/master/welcome",564
"2022-06-03 16:32:07.326","/master/welcome",189
"2022-06-03 16:32:07.544","/master/welcome",190
"2022-06-03 16:32:08.165","/master/sign-in",559
"2022-06-03 16:32:09.414","/master/welcome",561
"2022-06-03 16:32:10.133","/inventor/talmonu/list-mine",561
"2022-06-03 16:32:10.817","/inventor/talmonu/create",564
"2022-06-03 16:32:12.761","/inventor/talmonu/create",560
"2022-06-03 16:32:13.027","/master/welcome",211
"2022-06-03 16:32:13.671","/master/welcome",578
"2022-06-03 16:32:15.926","/master/welcome",165
"2022-06-03 16:32:16.129","/master/welcome",173
"2022-06-03 16:32:16.772","/master/sign-in",573
"2022-06-03 16:32:18.027","/master/welcome",557
"2022-06-03 16:32:18.749","/inventor/talmonu/list-mine",566
"2022-06-03 16:32:19.42","/inventor/talmonu/create",549
"2022-06-03 16:32:21.315","/inventor/talmonu/create",563
"2022-06-03 16:32:21.567","/master/welcome",197
"2022-06-03 16:32:22.197","/master/welcome",564
"2022-06-03 16:32:24.465","/master/welcome",188
"2022-06-03 16:32:24.668","/master/welcome",172
"2022-06-03 16:32:25.308","/master/sign-in",573
"2022-06-03 16:32:26.557","/master/welcome",578
"2022-06-03 16:32:27.265","/inventor/talmonu/list-mine",558
"2022-06-03 16:32:27.962","/inventor/talmonu/create",562
"2022-06-03 16:32:29.907","/inventor/talmonu/create",552
"2022-06-03 16:32:30.174","/master/welcome",205
"2022-06-03 16:32:30.8","/master/welcome",560
"2022-06-03 16:32:33.094","/master/welcome",205
"2022-06-03 16:32:33.312","/master/welcome",187
"2022-06-03 16:32:33.926","/master/sign-in",551
"2022-06-03 16:32:35.206","/master/welcome",573
"2022-06-03 16:32:35.918","/inventor/talmonu/list-mine",560
"2022-06-03 16:32:36.606","/inventor/talmonu/create",565
"2022-06-03 16:32:38.493","/inventor/talmonu/create",552
"2022-06-03 16:32:38.755","/master/welcome",203
"2022-06-03 16:32:39.38","/master/welcome",563
"2022-06-03 16:32:41.636","/master/welcome",173
"2022-06-03 16:32:41.836","/master/welcome",170
"2022-06-03 16:32:42.463","/master/sign-in",563
"2022-06-03 16:32:43.711","/master/welcome",576
"2022-06-03 16:32:44.428","/inventor/talmonu/list-mine",563
"2022-06-03 16:32:45.13","/inventor/talmonu/create",563
"2022-06-03 16:32:47.04","/inventor/talmonu/create",562
"2022-06-03 16:32:47.289","/master/welcome",191
"2022-06-03 16:32:47.918","/master/welcome",562
"2022-06-03 16:32:50.184","/master/welcome",182
"2022-06-03 16:32:50.388","/master/welcome",171
"2022-06-03 16:32:51.008","/master/sign-in",560
"2022-06-03 16:32:52.242","/master/welcome",550
"2022-06-03 16:32:52.962","/inventor/talmonu/list-mine",566
"2022-06-03 16:32:53.646","/inventor/talmonu/create",560
"2022-06-03 16:32:55.56","/inventor/talmonu/create",575
"2022-06-03 16:32:55.826","/master/welcome",204
"2022-06-03 16:32:56.456","/master/welcome",563
"2022-06-03 16:32:58.707","/master/welcome",176
"2022-06-03 16:32:58.91","/master/welcome",171
"2022-06-03 16:32:59.541","/master/sign-in",565
"2022-06-03 16:33:00.762","/master/welcome",558
"2022-06-03 16:33:01.485","/inventor/talmonu/list-mine",567
"2022-06-03 16:33:02.175","/inventor/talmonu/create",566
"2022-06-03 16:33:04.093","/inventor/talmonu/create",557
"2022-06-03 16:33:04.359","/master/welcome",203
"2022-06-03 16:33:04.99","/master/welcome",562
"2022-06-03 16:33:07.26","/master/welcome",197
"2022-06-03 16:33:07.462","/master/welcome",173
"2022-06-03 16:33:08.084","/master/sign-in",562
"2022-06-03 16:33:09.334","/master/welcome",566
"2022-06-03 16:33:10.049","/inventor/talmonu/list-mine",560
"2022-06-03 16:33:10.729","/inventor/talmonu/create",559
"2022-06-03 16:33:12.627","/inventor/talmonu/create",563
"2022-06-03 16:33:12.895","/master/welcome",206
"2022-06-03 16:33:13.519","/master/welcome",553
"2022-06-03 16:33:15.804","/master/welcome",200
"2022-06-03 16:33:16.011","/master/welcome",175
"2022-06-03 16:33:16.64","/master/sign-in",566
"2022-06-03 16:33:17.88","/master/welcome",572
"2022-06-03 16:33:18.597","/inventor/talmonu/list-mine",563
"2022-06-03 16:33:19.283","/inventor/talmonu/create",562
"2022-06-03 16:33:21.213","/inventor/talmonu/create",568
"2022-06-03 16:33:21.481","/master/welcome",209
"2022-06-03 16:33:22.106","/master/welcome",565
"2022-06-03 16:33:24.422","/master/welcome",214
"2022-06-03 16:33:24.624","/master/welcome",170
"2022-06-03 16:33:25.242","/master/sign-in",553
"2022-06-03 16:33:26.497","/master/welcome",573
"2022-06-03 16:33:27.214","/inventor/talmonu/list-mine",564
"2022-06-03 16:33:27.9","/inventor/talmonu/create",562
"2022-06-03 16:33:29.83","/inventor/talmonu/create",565
"2022-06-03 16:33:30.096","/master/welcome",206
"2022-06-03 16:33:30.724","/master/welcome",564
"2022-06-03 16:33:32.996","/master/welcome",196
"2022-06-03 16:33:33.201","/master/welcome",176
"2022-06-03 16:33:33.813","/master/sign-in",549
"2022-06-03 16:33:35.067","/master/welcome",579
"2022-06-03 16:33:35.77","/inventor/talmonu/list-mine",550
"2022-06-03 16:33:36.444","/inventor/talmonu/create",549
"2022-06-03 16:33:38.39","/inventor/talmonu/create",564
"2022-06-03 16:33:38.658","/master/welcome",201
"2022-06-03 16:33:39.276","/master/welcome",558
"2022-06-03 16:33:41.552","/master/welcome",189
"2022-06-03 16:33:41.756","/master/welcome",174
"2022-06-03 16:33:42.377","/master/sign-in",560
"2022-06-03 16:33:43.603","/master/welcome",561
"2022-06-03 16:33:44.339","/inventor/talmonu/list-mine",566
"2022-06-03 16:33:45.023","/inventor/talmonu/create",562
"2022-06-03 16:33:46.951","/inventor/talmonu/list-mine",558
"2022-06-03 16:33:47.779","/inventor/talmonu/show",565
"2022-06-03 16:33:48.512","/master/welcome",207
"2022-06-03 16:33:49.137","/master/welcome",562
"2022-06-03 16:33:51.421","/master/welcome",203
"2022-06-03 16:33:51.655","/master/welcome",205
"2022-06-03 16:33:52.28","/master/sign-in",560
"2022-06-03 16:33:53.506","/master/welcome",560
"2022-06-03 16:33:54.241","/inventor/talmonu/list-mine",559
"2022-06-03 16:33:54.947","/inventor/talmonu/create",563
"2022-06-03 16:33:56.955","/inventor/talmonu/list-mine",563
"2022-06-03 16:33:57.771","/inventor/talmonu/show",563
"2022-06-03 16:33:58.507","/master/welcome",206
"2022-06-03 16:33:59.127","/master/welcome",560
"2022-06-03 16:34:01.412","/master/welcome",185
"2022-06-03 16:34:03.797","/inventor/talmonu/create",339
"2022-06-03 16:34:04.08","/master/welcome",233
"2022-06-03 16:34:04.705","/master/sign-in",561
"2022-06-03 16:34:05.98","/master/welcome",573
"2022-06-03 16:34:06.263","/inventor/talmonu/create",220
"2022-06-03 16:34:06.526","/master/welcome",217
"2022-06-03 16:34:07.15","/master/welcome",560
"2022-06-03 16:34:09.406","/master/welcome",187
"2022-06-03 16:34:10.033","/master/sign-in",563
"2022-06-03 16:34:11.276","/master/welcome",573
"2022-06-03 16:34:11.541","/inventor/talmonu/create",206
"2022-06-03 16:34:11.777","/master/welcome",192
"2022-06-03 16:34:12.4","/master/welcome",556
"2022-06-03 16:34:17.977","/master/welcome",187
"2022-06-03 16:34:18.198","/master/welcome",189
"2022-06-03 16:34:18.829","/master/sign-in",569
"2022-06-03 16:34:20.053","/master/welcome",557
"2022-06-03 16:34:20.768","/inventor/talmonu/list-mine",560
"2022-06-03 16:34:21.607","/inventor/talmonu/show",563
"2022-06-03 16:34:22.263","/inventor/talmonu/list-mine",559
"2022-06-03 16:34:22.553","/master/welcome",246
"2022-06-03 16:34:23.202","/master/welcome",563
"2022-06-03 16:34:25.493","/master/welcome",194
"2022-06-03 16:34:25.709","/master/welcome",187
"2022-06-03 16:34:26.328","/master/sign-in",550
"2022-06-03 16:34:27.583","/master/welcome",561
"2022-06-03 16:34:28.303","/inventor/talmonu/list-mine",557
"2022-06-03 16:34:29.16","/inventor/talmonu/show",579
"2022-06-03 16:34:29.815","/inventor/talmonu/list-mine",562
"2022-06-03 16:34:30.051","/master/welcome",189
"2022-06-03 16:34:30.688","/master/welcome",564
"2022-06-03 16:34:36.557","/master/welcome",191
"2022-06-03 16:34:36.761","/master/welcome",173
"2022-06-03 16:34:37.396","/master/sign-in",569
"2022-06-03 16:34:38.659","/master/welcome",576
"2022-06-03 16:34:39.373","/inventor/talmonu/list-mine",559
"2022-06-03 16:34:40.319","/master/welcome",182
"2022-06-03 16:34:40.948","/master/welcome",564
"2022-06-03 16:34:43.2","/master/welcome",175
"2022-06-03 16:34:43.401","/master/welcome",170
"2022-06-03 16:34:44.032","/master/sign-in",570
"2022-06-03 16:34:45.308","/master/welcome",573
"2022-06-03 16:34:46.027","/inventor/talmonu/list-mine",550
"2022-06-03 16:34:46.947","/master/welcome",190
"2022-06-03 16:34:47.575","/master/welcome",566
"2022-06-03 16:34:49.858","/master/welcome",198
"2022-06-03 16:34:52.132","/inventor/talmonu/list-mine",189
"2022-06-03 16:34:52.35","/master/welcome",173
"2022-06-03 16:34:52.979","/master/sign-in",572
"2022-06-03 16:34:54.225","/master/welcome",560
"2022-06-03 16:34:54.502","/inventor/talmonu/list-mine",219
"2022-06-03 16:34:54.749","/master/welcome",203
"2022-06-03 16:34:55.381","/master/welcome",566
"2022-06-03 16:34:57.631","/master/welcome",190
"2022-06-03 16:34:58.245","/master/sign-in",554
"2022-06-03 16:34:59.472","/master/welcome",574
"2022-06-03 16:34:59.739","/inventor/talmonu/list-mine",208
"2022-06-03 16:34:59.974","/master/welcome",187
"2022-06-03 16:35:00.616","/master/welcome",580
